{"B": {"B": -Infinity, "E": -0.2008330652801322, "M": -1.7040177541350159, "S": -Infinity}, "M": {"B": -Infinity, "E": -1.4333197147313406, "M": -0.2724858581215372, "S": -Infinity}, "E": {"B": -0.6360744232430535, "E": -Infinity, "M": -Infinity, "S": -0.753675447557183}, "S": {"B": -0.5426374240629448, "E": -Infinity, "M": -Infinity, "S": -0.8703936131229937}}